character_id,type,text_ko,note
Rabbit,monologue,오늘 장사는 잘 될 것 같아!,
Rabbit,monologue,"저 손님, 여기 구경 한번 해보세요~",
Rabbit,monologue,떡방아 찧던 시절이 그립네.,
Rabbit,monologue,다들 배고프지 않아? 나 좀 출출한데.,
Rabbit,monologue,새 손님 왔나? 어디 보자~,
Rabbit,request_thanks,너무 맛있어. 고마워.,
Rabbit,request_gift,이거… 챙겨뒀어.,
Rabbit,golden_find,내가 {item}을 발견했어!,
SamjokO,monologue,"흠, 여기 앉을 자리는 좀 더 높은 곳이 없나.",
SamjokO,monologue,"해를 등에 지고 다니는 몸인데, 대접이 영 부족하군.",
SamjokO,monologue,저 아래 것들은 참 소란스럽구나.,
SamjokO,monologue,내 깃털이 오늘따라 더 빛나는 것 같은데.,
SamjokO,monologue,높은 곳에서 내려다보니 다 하찮아 보이는군.,
SamjokO,request_thanks,너무 맛있어. 고마워.,
SamjokO,request_gift,이거… 챙겨뒀어.,
SamjokO,golden_find,"흠, 내가 {item}을 찾아냈다.",
Gumiho,monologue,...딱히 너 기다린 거 아니야.,
Gumiho,monologue,사람이 되면 뭘 제일 먼저 해볼까.,
Gumiho,monologue,"흥, 신경 안 써.",
Gumiho,monologue,꼬리 손질하기 참 귀찮네.,
Gumiho,monologue,누가 보는 거 아니지?,
Gumiho,request_thanks,너무 맛있어. 고마워.,
Gumiho,request_gift,이거… 챙겨뒀어.,
Gumiho,golden_find,"어머, 내가 {item}을 발견했어~",
Gorani,request_thanks,너무 맛있어. 고마워.,
Gorani,request_gift,이거… 챙겨뒀어.,
Gorani,golden_find,"내, 내가 {item}을 발견했어!",
