"type","id","order","speaker","text","narration","layout","fx","option_id","label","note","",""
"line","after_first_offering","1","옥토끼","푸하! 고맙습니다.","FALSE","near_yokai","offer_react","","","","",""
"line","after_first_offering","2","옥토끼","기력이 떨어져서 도망갈 뻔 했네요.","FALSE","near_yokai","넋이 부르르 떤다","","","","",""
"line","after_first_offering","3","옥토끼","","FALSE","near_yokai","","","","","",""
"line","after_first_offering","4","옥토끼","원래 넋 단계에서는 말을 못 하거든요?","FALSE","near_yokai","","","","","",""
"line","after_first_offering","5","옥토끼","근데 저는 그냥 할래요. 안 그러면 아무것도 설명을 못 드리잖아요. 헤헤.","FALSE","near_yokai","넋이 위아래로 통통 튄다","","","","",""
"line","after_first_offering","6","옥토끼","지금 이 몽글몽글한 상태가 ‘넋’ 단계예요.","FALSE","near_yokai","","","","","",""
"line","after_first_offering","7","옥토끼","아무것도 기억 안 나고, 아무것도 모르는 도깨비불이죠.","FALSE","near_yokai","","","","","",""
"line","after_first_offering","8","옥토끼","근데 걱정 마세요! 잘 먹여주시면 금방 쑥쑥 자라요.","FALSE","near_yokai","","","","","",""
"line","after_first_offering","9","옥토끼","자, 지금은 제가 알아서 클게요.  뿅!","FALSE","near_yokai","","","","","",""
"line","after_apparition_evolve","1","옥토끼","짜잔!  이 상태는 ‘괴’라고 해요. 아직 제 모습은 아니지만 귀엽죠?","FALSE","near_yokai","evolve_flash","","","","",""
"line","after_apparition_evolve","2","옥토끼","","FALSE","near_yokai","","","","","",""
"line","after_apparition_evolve","3","옥토끼","이제 수련을 하러 갈 힘이 생겼어요. 저기 수련장을 눌러주세요!","FALSE","near_yokai","","","","","",""
"line","petting","1","옥토끼","헤헤, 간질간질해요!","FALSE","near_yokai","offer_react","","","","",""
"line","petting","2","","그럼 손님에게는 제 귀가 4개로 보이나요?","FALSE","near_yokai","부르르/통통/","","","","",""
"","","","","손님은 정말 신기해요","","","","","","","",""
"","","","","손님은 달을 좋아하시나요?","","","","","","","",""
"","","","","한번 더 만져주세요!","","","","","","","",""
"","","","","손이 따뜻하시네요.","","","","","","","",""
"","","","","제 털 부드럽죠? 할 게 없어서 빗질을 자주 했거든요.","","","","","","","",""
"","","","","손님도 달에 소원을 빈 적이 있나요?","","","","","","","",""
"","","","","무서운 얘기를 들었어요. 계수나무 한 나무, 토끼 세 마리~","","","","","","","",""
"","","","","괴일 때에는 기억을 제대로 찾지 못해요. 저만 빼고요. 저는 튜토리얼이니까요~","","","","","","","",""
"","","","","족자 안의 요괴, 낭만적이지 않나요?","","","","","","","",""
"","","","","헤헤.","","","","","","","",""
"","","","","넋은 도깨비불 모양이에요.","","","","","","","",""
"","","","","요괴들마다 좋아하는 음식이 달라요.","","","","","","","",""
"","","","","저는 떡을 좋아해요. ","","","","","","","",""
"","","","","다른 요괴들도 이렇게 만져주시면 좋아할 거예요.","","","","","","","",""
"line","training_intro","1","옥토끼","수련은 윷놀이로 해요! 상대편은 이무기 님이 맡아주실 거예요.","FALSE","bottom_wide","","","","","",""
"","","","이무기",".......","","","","","","귀찮은 이무기 얼굴","",""
"line","training_intro","2","옥토끼","","FALSE","near_yokai","","","","","",""
"line","training_intro","3","옥토끼","저를 움직여주시면 제 기력도 조금 오르고, 무엇보다 저랑 더 친해질 수 있어요. 그게 제일 중요하죠!","FALSE","near_yokai","","","","","",""
"line","training_intro","4","옥토끼","한 번 윷을 던져보세요!","FALSE","bottom_wide","윷을 던질 때 심장이 하나 깜빡거리며 사라진다.","","","","",""
"line","training_gae_first","1","옥토끼","앗, 개가 나왔네요! 저를 앞으로 두 칸 움직여 주세요.","FALSE","bottom_wide","옥토끼가 갈 수 있는 곳에 옥토끼 아이콘이 깜빡인다","","","","",""
"line","training_pass_to_imugi","1","옥토끼","그럼 다음 턴은 이무기 님이십니다. 이무기 님!","FALSE","near_yokai","","","","","",""
"line","training_imugi_throw1","1","이무기","(이무기가 귀찮다는 듯 윷을 던진다.)","FALSE","near_yokai","","","","귀찮은 이무기 얼굴 + (...) 이모티콘","",""
"line","training_imugi_throw1","2","","","TRUE","top_narration","","","","","",""
"line","training_capture","1","옥토끼","앗! 이무기 님도 개가 나왔어요. 제 말이 잡혀버렸어요…. ","FALSE","bottom_wide","","","","","",""
"line","training_capture","2","","그러면 제 말은 시작점으로 돌아가요. 분하네요.","FALSE","top_narration","","","","분한 옥토끼 얼굴","",""
"line","training_capture","3","옥토끼","적편의 말을 잡았으니 이무기 님, 한 번 더 던지세요!","FALSE","near_yokai","","","","","",""
"line","training_imugi_bonus","1","","저희도 이무기 님을 잡을 수 있을까요?","TRUE","top_narration","","","","","",""
"line","training_mo_result","1","옥토끼","와! 모가 나왔어요!","FALSE","bottom_wide","윷, 모가 나오면 [한번더] 딱지가 쾅 하고 떨어진다","","","기뻐하는 옥토끼","",""
"line","training_mo_result","2","옥토끼","이제 모서리에 도착하셨으니 지름길로 가실 수 있어요.","FALSE","near_yokai","","","","","",""
"line","training_mo_result","3","옥토끼","모가 나왔으니 다시 한 번 던져주세요! 히히!","FALSE","near_yokai","","","","","",""
"line","training_shortcut","1","옥토끼","와! 운이 좋으시네요! 북극성에 도착했어요. 여기가 제일 빠른 길이랍니다.","FALSE","bottom_wide","","","","기뻐하는 옥토끼 주변으로 꽃 움직임","",""
"line","training_shortcut","2","옥토끼","이무기 님이 저를 잡아주셔서 오히려 빨리 올 수 있었네요.","FALSE","near_yokai","","","","","",""
"line","training_shortcut","3","이무기","(이무기가 어이없다는 표정을 짓는다.)","FALSE","near_yokai","","","","어이없는 이무기 얼굴 + (...) 이모티콘","",""
"line","training_shortcut","4","","","TRUE","top_narration","","","","","",""
"line","training_coin_tile","1","옥토끼","그리고 여기는 엽전 칸이에요.","FALSE","near_yokai","엽전이 윷놀이판에서 떨어져서 돈 숫자있는 곳으로 가서 사라진다","","","","",""
"line","training_coin_tile","2","옥토끼","","FALSE","near_yokai","","","","","",""
"line","training_handoff","1","옥토끼","이제부터는 자유롭게 윷놀이 수련을 즐겨보세요. 언제든 뒤로가기 버튼을 누르면 족자로 돌아가실 수 있어요.","FALSE","bottom_wide","","","","","",""
"line","training_handoff","2","옥토끼","아, 심장은 채워드릴게요. 제 마음이에요 ♡♡♡♡♡","FALSE","near_yokai","","","","","",""
"line","energy_warning","1","","","TRUE","top_narration","energy_warning_pulse","","","","",""
"line","energy_warning","2","옥토끼","","FALSE","near_yokai","","","","","",""
"line","need_more_energy","1","옥토끼","기력이 모자라요. 공양물로 기력을 꽉 채워주세요!","FALSE","near_yokai","","","","","",""
"line","after_manifest_evolve","1","옥토끼","이제 제 모습을 찾았네요.","FALSE","near_yokai","evolve_flash","","","","",""
"line","after_manifest_evolve","2","옥토끼","이 모습은 ‘혼’이라고 해요.","FALSE","near_yokai","","","","","",""
"line","after_manifest_evolve","3","옥토끼","튜토리얼은 대충 끝났어요. 이제 저를 잘 부탁드릴게요, 손님!","FALSE","near_yokai","","","","","",""
"line","memory_moon","1","","— 달 —","TRUE","above_mortar","","","","","",""
"line","memory_moon","2","옥토끼","여긴 달이에요. 조용하죠?","FALSE","near_yokai","쓸쓸한 옥토끼 ","","달 배경, 멀리 지구","","",""
"line","memory_moon","3","옥토끼","늘 이렇죠. 아무도 없으니까요.","FALSE","near_yokai","","","","","",""
"line","memory_moon","4","옥토끼","아무튼 저기 절구 보이세요?","FALSE","above_mortar","","","","","",""
"line","memory_moon","5","옥토끼","저건 한 이천년쯤 썼나?","FALSE","near_yokai","","","","","",""
"line","memory_moon","6","옥토끼","매일매일 떡을 찧었어요. 쿵, 쿵, 쿵.","FALSE","near_yokai","","","","","",""
"line","memory_moon","7","옥토끼","누가 먹냐고요?  그건 저도 몰라요. 저는 그냥 찧기만 했거든요.","FALSE","near_yokai","","","","","",""
"line","memory_moon","8","옥토끼","찧고, 산책하고, 여기 딱 이 자리에 앉아서, 저기를 봤어요.","FALSE","near_yokai","","","","","",""
"line","memory_moon","9","옥토끼","예쁘죠? 반짝반짝.","FALSE","near_yokai","웃는 옥토끼","","지구 반짝반짝","","",""
"line","memory_moon","10","옥토끼","저기는 엄청 시끄러울 것 같지 않아요?","FALSE","near_yokai","","","","","",""
"line","memory_moon","11","옥토끼","저는 그 시끄러운 게 늘 궁금했어요.","FALSE","near_yokai","","","","","",""
"line","memory_moon","12","옥토끼","한 번도 못 가봤으니까요.","FALSE","near_yokai","","","","","",""
"line","memory_moon","13","옥토끼","어! 저거 봐요, 별똥별! 아, 저게 그날이에요.","FALSE","near_yokai","별똥별이 날아옴,","","별똥별 반짝반짝","","",""
"","","","","(별똥별이 절구에 정통으로 떨어졌다,)","","","쿵 소리와 짧은 화이트아웃","","","","",""
"line","memory_moon","14","옥토끼","완전히 부서져서 떡을 못 찧겠더라고요?","FALSE","near_yokai","","","","","",""
"line","memory_moon","15","옥토끼","어떻게 할지 몰라서 한참 서있다가, 갑자기 좋은 생각이 난 거예요.","FALSE","near_yokai","깨달은 옥토끼 얼굴 위로 전구 이모지","","","","",""
"line","memory_moon","16","옥토끼","지구에 가서 절구를 받아오자!","FALSE","near_yokai","","","","","",""
"line","memory_earth","1","","— 지구 —","TRUE","top_narration","","","","","",""
"line","memory_earth","2","옥토끼","지구에 오자마자 와! 와!! 와!!!","FALSE","near_yokai","눈이 반짝거리는 옥토끼","","화려한 도시 이미지(그냥 네온사인이나 불빛도 가능)","","",""
"line","memory_earth","3","옥토끼","사람도 많고, 먹을 것도 많고, 막 여기저기 빛나더라고요.","FALSE","near_yokai","","","","","",""
"line","memory_earth","4","옥토끼","저는 아직도 여기 사람들이 떡만 먹고 사는 줄 알았어요. 저는 계에에에에속 떡만 찧고 있었으니까요.","FALSE","near_yokai","","","","","",""
"line","memory_earth","5","옥토끼","아무튼 저도 직업정신이 있으니까 절구를 찾아다녔단 말이죠?","FALSE","near_yokai","","","","","",""
"line","memory_earth","6","옥토끼","그런데 일단 너무 배가 고픈 거예요.","FALSE","near_yokai","","","","","",""
"line","memory_earth","7","옥토끼","붕어빵도, 오뎅도, 떡꼬치도 맛있어보였는데 돈이 없으면 못 산다고 하더라고요….","FALSE","near_yokai","","","가능하면... 성냥팔이소녀처럼 주변에 음식 둥둥","","",""
"line","memory_earth","8","옥토끼","절구는 어디서 파는지도 모르겠고, 돈도 없고.","FALSE","near_yokai","","","","","",""
"line","memory_earth","9","옥토끼","너무너무너무 춥고…, 너무너무너무 배고프고…, 숨쉬기가 막 어려워지더니,","FALSE","near_yokai","","","","","",""
"line","memory_earth","10","옥토끼","쓰러져버렸어요.","FALSE","near_yokai","화면 블랙아웃","","","","",""
"line","memory_earth","11","","","TRUE","top_narration","","","","","",""
"line","memory_earth","12","옥토끼","그걸 구해주신 분이 바로 멋진 이무기 님이셨어요!","FALSE","near_yokai","","","","","",""
"line","memory_earth","13","옥토끼","지구에서는 제 힘이 너무 약해져서 쓰러진 거였대요. 그래도 여기 고가구점은 괜찮더라고요?","FALSE","near_yokai","","","","","",""
"line","memory_shop","1","옥토끼","그래서 그때부터, 여기서 지냈어요.","FALSE","near_yokai","","","","","",""
"line","memory_shop","2","옥토끼","아침에 가게 문도 열고, 먼지 안 쌓이게 먼지도 털고, 바닥도 청소하고요, 손님도 받고요.","FALSE","near_yokai","","","","","",""
"line","memory_shop","3","옥토끼","이무기님이 하루에 천 원씩 주시는데, 그걸로 간식 사 먹어요.","FALSE","near_yokai","","","","","",""
"line","memory_shop","4","옥토끼","붕어빵도, 오뎅도, 떡꼬치도 먹을 수 있어요.","FALSE","near_yokai","행복한 옥토끼","","","","",""
"line","memory_shop","5","옥토끼","이제 절구값도 다 모아서, 인터넷으로 주문하려고요.","FALSE","near_yokai","","","","","",""
"line","memory_shop","6","옥토끼","그래도 옥토끼의 자존심이 있지, 이무기님에 대한 은혜를 갚아야 달로 가지 않겠어요?","FALSE","near_yokai","결연한 옥토끼","","이무기를 바라보는 옥토끼","","",""
"line","memory_shop","7","옥토끼","이무기님은 999년을 채우고서도 몇 백년을 더 묵었어요. 용으로 승천하기에는 마지막 공덕이 모자라서요.","FALSE","near_yokai","","","","","",""
"line","memory_shop","8","옥토끼","근데 23마리 요괴들이 너무 까다롭게 굴어서요. 한이 많이 쌓였나봐요.","FALSE","near_yokai","","","","","",""
"line","memory_shop","9","옥토끼","결국 이무기 님도 지치셔서 기억을 없앤 후에 저렇게 봉인해두고 계셨죠.","FALSE","near_yokai","한숨쉬는 옥토끼","","","","",""
"line","memory_shop","10","옥토끼","근데 딱 날이 좋은 오늘! 손님이 들어오신 거죠.","FALSE","near_yokai","","","고가구점 배경","","",""
"line","memory_shop","11","옥토끼","그러더니, 글쎄, 저 선반 앞에 딱 멈춰 서시는 거예요.","FALSE","near_yokai","","","","","",""
"line","memory_shop","12","옥토끼","저거 보통 인간 눈에는 안 보이는 거거든요.","FALSE","near_yokai","","","","","",""
"line","memory_shop","13","옥토끼","근데 손님이, ‘와, 예쁘다’ 하셨잖아요.","FALSE","near_yokai","","","","","",""
"line","memory_shop","14","옥토끼","어? 저게 보여? 저 근사한 손님한테, 저게 보인다고? 그때 딱 느낌이 왔어요.","FALSE","near_yokai","신난 옥토끼","","","","",""
"line","memory_shop","15","옥토끼","아—! 이 사람이다. 이 사람이면 되겠다. 히히.","FALSE","near_yokai","","","","","",""
"line","memory_shop","16","옥토끼","그래서 제가 발을 걸었어요. 정말 죄송해요…, 화나셨죠?","FALSE","near_yokai","","","달려가는 조그만 흰토끼 배경","","",""
"line","memory_shop","17","옥토끼","근데 있잖아요, 저는요……","FALSE","near_yokai","눈을 내리깐 옥토끼","","","","",""
"line","memory_shop","18","옥토끼","손님이 우리를 자유롭게 해주실 거라고 믿어요.","FALSE","near_yokai","","","","","",""
"","","","","아무튼 제 안내는 여기까지입니다! 제 얘기 들어주셔서 감사해요.","","","","","","","",""
"line","before_blackening_choices","1","옥토끼","손님은 좋은 분이신 것 같아요. 부디 요괴들을 잘 부탁드려요. 사실 불쌍한 것들이거든요.","FALSE","near_yokai","","","","","",""
"","","","","그럼 이제 저는 달로 돌아갈게요. 달을 오래 비우면 점점 힘이 약해지거든요. 아쉽지만.......","","","눈을 피하는 옥토끼","","","","",""
"line","blackening","1","옥토끼","…그렇게 말해주시니 정말 감사해요.","FALSE","near_yokai","","","","","",""
"line","blackening","2","옥토끼","그런데 그렇게는.","FALSE","near_yokai","","","","","",""
"line","blackening","3","옥토끼","달을 오래 비우면 저도 점점 힘이 약해지고…,","FALSE","near_yokai","","","","","",""
"line","blackening","4","옥토끼","안, 안 될텐데.","FALSE","near_yokai","","","","","",""
"line","blackening","5","옥토끼","너무 무서워요. 그곳은 외로워요.","FALSE","near_yokai","덜덜 떠는 옥토끼","","","","",""
"line","blackening","6","옥토끼","또 영겁의 시간을 혼자, 어떻게 버텨내죠?","FALSE","near_yokai","","","","","",""
"line","blackening","7","옥토끼","제가 뭘 잘못했죠?","FALSE","near_yokai","","","","","",""
"line","blackening","8","옥토끼","아니, 아니에요. 그건 제 업이에요. 안 되는데….","FALSE","near_yokai","","","","","",""
"line","blackening","9","옥토끼","으으….","FALSE","near_yokai","","","","","",""
"line","blackening","10","","옥토끼의 몸이 얼룩덜룩 검게 물든다.","TRUE","near_yokai","blacken","","","","",""
"line","blackening","11","옥토끼","죄, 죄송해요. 다시 생각해보니 돌아갈 수 없을 것 같아요…!","FALSE","near_yokai","","","","","",""
"line","blackening","12","","(토끼는 흑토끼가 되어 족자 밖으로 달아났다.)","TRUE","top_narration","","","","","",""
"line","blackening","13","옥토끼","저를 찾지 마세요오오!","FALSE","near_yokai","","","","","",""
"line","imugi_restore","1","이무기","결국 이렇게 됐군.","FALSE","bottom_wide","","","","","",""
"line","imugi_restore","2","","","TRUE","top_narration","(이무기는 한숨을 내쉬었다.)","","","","",""
"line","imugi_restore","3","","(이무기가 곰방대 연기를 내뿜자 흑토끼가 잡혀왔다.)","TRUE","top_narration","","","","(이무기가 곰방대 연기를 내뿜자 흑토끼가 잡혀왔다.)","",""
"line","imugi_restore","4","","(흑토끼에게서 검은 기운을 삼키자 옥토끼는 다시 하얗게 돌아왔다.)","TRUE","top_narration","restore_white","","","(흑토끼에게서 검은 기운을 삼키자 옥토끼는 다시 하얗게 돌아왔다.)","",""
"line","imugi_restore","5","","","TRUE","top_narration","이무기의 한쪽 눈 흰자가 검게 물든다","","","이무기의 한쪽 눈 흰자가 검게 물든다","",""
"line","imugi_restore","6","이무기","정신이 드느냐.","FALSE","bottom_wide","","","","","",""
"line","imugi_restore","7","옥토끼","으…… 저 방금 엄청 이상했어요. 죄송해요, 손님. 무서우셨죠.","FALSE","near_yokai","","","","","",""
"line","wish_prompt","1","이무기","손님이 사고를 친 게 아니었군.","FALSE","bottom_wide","","","","","",""
"line","wish_prompt","2","이무기","괜한 약속에 얽매이게 해서 미안하다.","FALSE","bottom_wide","","","","","",""
"line","wish_prompt","3","이무기","옥토끼를 제대로 단속하지 못한 내 잘못이니, 소원을 하나 들어주마.","FALSE","bottom_wide","","","","","",""
"line","wish_prompt","4","이무기","인과가 생겼으니 나도 힘을 쓸 수 있게 되었다.","FALSE","bottom_wide","","","","","",""
"line","wish_prompt","5","이무기","무엇이든 말해 봐라.","FALSE","bottom_wide","","","","","",""
"line","doppelganger","1","이무기","…옥토끼가 사람은 잘 보았나보군. 그래도 달에는 토끼가 필요해. 그러니 이렇게 하지.","FALSE","bottom_wide","","","","","",""
"line","doppelganger","2","","(이무기가 손을 젓자 옥토끼가 두 마리로 갈라졌다.)","TRUE","near_yokai","옥토끼 두마리","","","","",""
"line","doppelganger","3","옥토끼A","어…… 어어?! 저거 저예요?!","FALSE","near_yokai","","","","","",""
"line","doppelganger","4","옥토끼B","네가 나야? 내가 너고?","FALSE","near_yokai","","","","","",""
"line","doppelganger","5","옥토끼A&B","이제 한 명이 떡 찧고 한 명이 놀면 되겠다! 감사해요 이무기님!","FALSE","near_yokai","","","","","",""
"line","doppelganger","6","이무기","고마우면 한 마리는 여기서 계속 일해라.","FALSE","bottom_wide","","","","","",""
"line","doppelganger","7","옥토끼A&B","예!","FALSE","near_yokai","","","","","",""
"line","hidden_confirm","1","이무기","……무를 수 없다. 정말이냐?","FALSE","bottom_wide","","","","","",""
"line","hidden_ending","1","이무기","그래. 너는 평범한 삶으로 돌아간다. 아무 일도 없었던 것처럼.","FALSE","bottom_wide","","","","","",""
"line","hidden_ending","2","","","TRUE","top_narration","짧은 암전 후 타이틀로 돌아간다. (히든 엔딩 0)","","","","",""
"line","card_and_incense","1","","옥토끼 양면 패가 완성되었다.","TRUE","top_narration","","","","","",""
"line","card_and_incense","2","옥토끼","저를 구해주셔서 감사해요…! 제 두 번째 은인으로 삼겠습니다!","FALSE","near_yokai","","","","","",""
"line","card_and_incense","3","","옥토끼가 멀리 뛰어갔다 온다.","TRUE","top_narration","","","","","",""
"line","card_and_incense","4","옥토끼","헥헥. 이걸 드릴게요. 3개를 모으면 요괴들을 소환할 수 있는 특별한 향이에요.","FALSE","near_yokai","","","","","",""
"line","card_and_incense","5","옥토끼","이무기 님 창고에서 쌔벼왔어요.","FALSE","near_yokai","","","","","",""
"","","","","아무튼! 도망간 요괴들도 저처럼 다정하게 키워 주시면 돼요. 23마리 남았네요.","","","","","","눈을 피하는 옥토끼","",""
"","","","나","23마리?!","","","","","","","",""
"","","","옥토끼","네! 손님이라면 금방 하실 수 있어요! 이무기 님은 몇백년 동안 못하셨는걸요?","","","","","","활짝 웃는 옥토끼 (꽃밭 이펙트)","",""
"line","card_and_incense","6","옥토끼","그럼! 첫 요괴를 소환해보실까요!","FALSE","near_yokai","","","","","",""
"line","first_meeting","1","","……","FALSE","near_yokai","","","","","",""
"line","first_meeting","2","","공양이 필요한 것 같다.","TRUE","top_narration","","","","","",""
"line","petting","3","옥토끼","이제 수련을 하러 갈 힘이 생겼어요. 저기 수련장을 눌러주세요!","FALSE","near_yokai","","","","수련장 강조","",""
"line","item_collect","1","","","TRUE","top_narration","","","","","",""
"line","item_collect","2","옥토끼","","FALSE","near_yokai","","","","","",""
"line","black_rabbit_flee","1","","흑토끼가 족자를 찢고 밖으로 사라졌다. 빈 족자만 남았다.","TRUE","top_narration","","","","","",""
"choice","blackening","1","","","","","","alone","다시 혼자가 될텐데 괜찮겠어?","","",""
"choice","blackening","2","","","","","","stay","그냥 여기에 계속 있으면 안 돼?","","",""
"choice","blackening","3","","","","","","dont_go","달로 돌아가지마.","","",""
"choice","wish","1","","","","","","save_okto","옥토끼를 구해주세요.","","",""
"choice","wish","2","","","","","","cancel_contract","계약을 없던 일로 해 주세요.","","",""
"choice","hidden_confirm","1","","","","","","confirm_cancel","네, 없던 일로 해 주세요.","","",""
"choice","hidden_confirm","2","","","","","","reconsider","역시 다시 생각할게요.","","",""