kind,id,name,ingredient_1,ingredient_2,ingredient_3,description,note
음식,bap,밥,물,쌀,,,
음식,kimchi,김치,고추,산나물,,,
음식,sanchae,산채,물,산나물,,,
음식,yakcha,약차,물,약재,,,
음식,kkulmul,꿀물,물,꿀,,,
음식,suyuk,수육,물,멧돼지고기,,,
음식,baeksuk,백숙,물,새고기,,,
음식,saengsunjjim,생선찜,물,물고기,,,
음식,salmedegg,삶은 달걀,물,새알,,,
음식,patjuk,팥죽,물,팥,,,
음식,patteok,팥떡,쌀,팥,,,
음식,namulbap,나물밥,쌀,산나물,,,
음식,kkulteok,꿀떡,쌀,꿀,,,
음식,gogijuk,고기죽,쌀,새고기,,,
음식,gogijuk,고기죽,쌀,멧돼지고기,,,
음식,juak,주악,쌀,기름,,,
음식,sujeonggwa,수정과,과실,약재,,,
음식,dasik,다식,과실,꿀,,,
음식,sanjeok,산적,산나물,멧돼지고기,,,
음식,sanjeok,산적,산나물,새고기,,,
음식,hwajeon,화전,산나물,기름,,,
음식,yukpo,육포,꿀,멧돼지고기,,,
음식,yukpo,육포,꿀,새고기,,,
음식,saengsungui,생선구이,물고기,기름,,,
음식,dalgyalmar,달걀말이,새알,기름,,,
음식,saengsunjorim,생선조림,고추,물고기,,,
음식,jeyuk,제육볶음,고추,멧돼지고기,,,
음식,saegui,새구이,새고기,기름,,,
음식,samgyeopsal,삼겹살구이,멧돼지고기,기름,,,
음식,gotgam,곶감,과실,과실,,,
음식,saengchae,생채,산나물,산나물,,,
음식,yeot,엿,꿀,꿀,,,
음식,jeonggwa,정과,약재,꿀,,,
음식,gwasilcha,과실차,물,과실,,,
음식,dalgyaljuk,달걀죽,쌀,새알,,,
음식,gyeranjjim,계란찜,새알,새알,,,
음식,donggeurangttaeng,동그랑떙,멧돼지고기,새알,,,
음식,yanggaeng,양갱,꿀,팥,,,
음식,sseunyak,쓴약,약재,약재,,,
공양물,yukjeon,육전,멧돼지고기,새알,기름,,
공양물,samgyetang,삼계탕,새고기,약재,물,,
공양물,baekseolgi,백설기,쌀,쌀,물,,
공양물,sinseollo,신선로,멧돼지고기,산나물,물,,
공양물,hanyak,한약,약재,꿀,약재,,
공양물,saenggogi,생고기,멧돼지고기,멧돼지고기,멧돼지고기,,
공양물,saenggogi,생고기,멧돼지고기,멧돼지고기,새고기,,
공양물,saenggogi,생고기,멧돼지고기,새고기,새고기,,
공양물,saenggogi,생고기,새고기,새고기,새고기,,
공양물,yakju,약주,쌀,약재,물,,
공양물,sikhye,식혜,쌀,꿀,물,,
공양물,kkotmakgeolli,꽃막걸리,쌀,물,산나물,,
공양물,yakgwa,약과,쌀,꿀,기름,,
공양물,yaksik,약식,쌀,과실,꿀,,
공양물,songpyeon,송편,쌀,팥,물,,
공양물,tteokguk,떡국,쌀,새고기,물,,
공양물,bibimbap,비빔밥,쌀,산나물,새알,,
공양물,gujeolpan,구절판,산나물,멧돼지고기,새알,,
공양물,galbijjim,갈비찜,멧돼지고기,과실,물,,
공양물,saegogigangjeong,새고기강정,새고기,고추,기름,,
공양물,hwachae,화채,과실,꿀,물,,
공양물,yukgaejang,육개장,멧돼지고기,산나물,고추,,
공양물,maun_tteokbokki,매운 떡볶음,쌀,고추,꿀,,
공양물,maeuntang,매운탕,물고기,고추,물,,
공양물,gochujangbulgogi,고추장불고기,멧돼지고기,고추,꿀,,
공양물,dakgalbi,닭갈비,새고기,고추,산나물,,
공양물,kimchijeon,김치전,고추,산나물,기름,,
